episode,reward,epsilon,reward_mean,reward_std,reward_min,reward_max,q_table_size,alpha_final
1,-177.04999999999995,0.9873333333333333,-147.28399999999993,32.21267110936318,-177.04999999999995,-93.98999999999991,2676,0.4113771910342946
2,-154.97999999999988,0.9746666666666667,-147.28399999999993,32.21267110936318,-177.04999999999995,-93.98999999999991,2676,0.4113771910342946
3,-166.15,0.962,-147.28399999999993,32.21267110936318,-177.04999999999995,-93.98999999999991,2676,0.4113771910342946
4,-144.25,0.9493333333333334,-147.28399999999993,32.21267110936318,-177.04999999999995,-93.98999999999991,2676,0.4113771910342946
5,-93.98999999999991,0.9366666666666666,-147.28399999999993,32.21267110936318,-177.04999999999995,-93.98999999999991,2676,0.4113771910342946
